{
	"format_version": "1.8.0",
	"animations": {
		"Idle": {
			"loop": true,
			"animation_length": 8,
			"bones": {
				"basetail": {
					"rotation": {
						"0.0": {
							"vector": [0, 0, 0]
						},
						"3.9583": {
							"vector": [-3.74, 0, 0]
						},
						"8.0": {
							"vector": [0, 0, 0]
						}
					}
				},
				"endtail": {
					"rotation": {
						"0.0": {
							"vector": [-2.5, 0, 0]
						},
						"3.9583": {
							"vector": [-13.74, 0, 0]
						},
						"8.0": {
							"vector": [-2.5, 0, 0]
						}
					}
				},
				"rightbackflipper": {
					"rotation": {
						"0.0": {
							"vector": [0, 12.5, -35]
						},
						"4.2917": {
							"vector": [0.52411, 12.48726, -32.57782]
						},
						"4.625": {
							"vector": [1.6575, 12.39135, -27.32005]
						},
						"8.0": {
							"vector": [0, 12.5, -35]
						}
					}
				},
				"rightfrontflipper": {
					"rotation": {
						"0.0": {
							"vector": [0, 12.5, -32.5]
						},
						"3.625": {
							"vector": [1.58839, 12.39136, -25.14031]
						},
						"4.0": {
							"vector": [3.28396, 12.06754, -17.15279]
						},
						"8.0": {
							"vector": [0, 12.5, -32.5]
						}
					}
				},
				"righthindflipper": {
					"rotation": {
						"0.0": {
							"vector": [0, 7.5, -37.5]
						},
						"4.1667": {
							"vector": [0.63305, 7.4713, -32.64388]
						},
						"4.5": {
							"vector": [1.30962, 7.38542, -27.41547]
						},
						"8.0": {
							"vector": [0, 7.5, -37.5]
						}
					}
				},
				"leftbackflipper": {
					"rotation": {
						"0.0": {
							"vector": [0, -12.5, 35]
						},
						"4.2917": {
							"vector": [0.52411, -12.48726, 32.57782]
						},
						"4.625": {
							"vector": [1.6575, -12.39135, 27.32005]
						},
						"8.0": {
							"vector": [0, -12.5, 35]
						}
					}
				},
				"rightforeflipper": {
					"rotation": {
						"0.0": {
							"vector": [0, 7.5, -27.5]
						},
						"3.9167": {
							"vector": [0.95228, 7.43617, -20.18326]
						},
						"4.25": {
							"vector": [1.63219, 7.32123, -14.89557]
						},
						"8.0": {
							"vector": [0, 7.5, -27.5]
						}
					}
				},
				"leftfrontflipper": {
					"rotation": {
						"0.0": {
							"vector": [0, -12.5, 32.5]
						},
						"3.6667": {
							"vector": [1.58839, -12.39136, 25.14031]
						},
						"4.0": {
							"vector": [3.28396, -12.06754, 17.15279]
						},
						"8.0": {
							"vector": [0, -12.5, 32.5]
						}
					}
				},
				"leftforeflipper": {
					"rotation": {
						"0.0": {
							"vector": [0, -7.5, 27.5]
						},
						"3.9167": {
							"vector": [0.95228, -7.43617, 20.18326]
						},
						"4.25": {
							"vector": [1.63219, -7.32123, 14.89557]
						},
						"8.0": {
							"vector": [0, -7.5, 27.5]
						}
					}
				},
				"lefthindflipper": {
					"rotation": {
						"0.0": {
							"vector": [0, -7.5, 37.5]
						},
						"4.1667": {
							"vector": [0.63305, -7.4713, 32.64388]
						},
						"4.5": {
							"vector": [1.30962, -7.38542, 27.41547]
						},
						"8.0": {
							"vector": [0, -7.5, 37.5]
						}
					}
				}
			}
		},
		"Swim": {
			"loop": true,
			"animation_length": 3,
			"bones": {
				"basetail": {
					"rotation": {
						"0.0": {
							"vector": [0, 0, 0]
						},
						"1.5": {
							"vector": [1, 0, 0]
						},
						"3.0": {
							"vector": [0, 0, 0]
						}
					}
				},
				"endtail": {
					"rotation": {
						"0.0": {
							"vector": [0, 0, 0]
						},
						"1.125": {
							"vector": [-0.25, 0, 0]
						},
						"1.5": {
							"vector": [1, 0, 0]
						},
						"3.0": {
							"vector": [0, 0, 0]
						}
					}
				},
				"rightbackflipper": {
					"rotation": {
						"0.0": {
							"vector": [-12.11169, 34.63745, -13.82871]
						},
						"1.5": {
							"vector": [-13.4223, 41.95301, -15.93912]
						},
						"3.0": {
							"vector": [-12.11169, 34.63745, -13.82871]
						}
					},
					"position": {
						"0.0": {
							"vector": [0, 0, 0]
						},
						"1.5": {
							"vector": [0, 0, 0.5]
						},
						"3.0": {
							"vector": [0, 0, 0]
						}
					}
				},
				"leftbackflipper": {
					"rotation": {
						"0.0": {
							"vector": [-12.11169, -34.63745, 13.82871]
						},
						"1.5": {
							"vector": [-13.4223, -41.95301, 15.93912]
						},
						"3.0": {
							"vector": [-12.11169, -34.63745, 13.82871]
						}
					},
					"position": {
						"0.0": {
							"vector": [0, 0, 0]
						},
						"1.5": {
							"vector": [0, 0, 0.5]
						},
						"3.0": {
							"vector": [0, 0, 0]
						}
					}
				},
				"rightfrontflipper": {
					"rotation": {
						"0.0": {
							"vector": [0, 5, -20]
						},
						"0.375": {
							"vector": [-1.93991, -3.4004, -25.1347]
						},
						"0.75": {
							"vector": [-4.15528, -3.19146, 12.8355]
						},
						"1.125": {
							"vector": [-13.20051, -6.98287, 14.12608]
						},
						"1.5": {
							"vector": [-5.23619, -14.0761, 0.6469]
						},
						"2.25": {
							"vector": [0.61457, -9.59235, -33.25594]
						},
						"3.0": {
							"vector": [0, 5, -20]
						}
					},
					"position": {
						"0.0": {
							"vector": [0, 0, 0]
						},
						"0.75": {
							"vector": [0.01567, 3.04805, -0.75398]
						},
						"1.5": {
							"vector": [0.97284, 0.35409, -3.8637]
						},
						"2.25": {
							"vector": [0.07275, -3.98632, -0.32246]
						},
						"3.0": {
							"vector": [0, 0, 0]
						}
					}
				},
				"leftfrontflipper": {
					"rotation": {
						"0.0": {
							"vector": [0, -5, 20]
						},
						"0.375": {
							"vector": [-1.93991, 3.4004, 25.1347]
						},
						"0.75": {
							"vector": [-4.15528, 3.19146, -12.8355]
						},
						"1.125": {
							"vector": [-13.20051, 6.98287, -14.12608]
						},
						"1.5": {
							"vector": [-5.23619, 14.0761, -0.6469]
						},
						"2.25": {
							"vector": [0.61457, 9.59235, 33.25594]
						},
						"3.0": {
							"vector": [0, -5, 20]
						}
					},
					"position": {
						"0.0": {
							"vector": [0, 0, 0]
						},
						"0.75": {
							"vector": [-0.01567, 3.04805, -0.75398]
						},
						"1.5": {
							"vector": [-0.97284, 0.35409, -3.8637]
						},
						"2.25": {
							"vector": [-0.07275, -3.98632, -0.32246]
						},
						"3.0": {
							"vector": [0, 0, 0]
						}
					}
				},
				"rightforeflipper": {
					"rotation": {
						"0.0": {
							"vector": [1.04916, 2.39056, -24.70089]
						},
						"0.5625": {
							"vector": [-2.58431, -1.96568, -13.64652]
						},
						"0.9375": {
							"vector": [-3.69169, -1.78967, 19.0283]
						},
						"1.3125": {
							"vector": [-9.8296, -7.33819, 7.28375]
						},
						"1.6875": {
							"vector": [-4.60659, -14.2906, -1.92221]
						},
						"2.4375": {
							"vector": [4.19664, -12.93777, -38.80354]
						},
						"3.0": {
							"vector": [1.04916, 2.39056, -24.70089]
						}
					},
					"position": {
						"0.0": {
							"vector": [0.19, -0.98, -0.04]
						},
						"0.9375": {
							"vector": [-0.66839, 4.02346, -1.8344]
						},
						"1.6875": {
							"vector": [0.48642, 0.17704, -1.93185]
						},
						"2.4375": {
							"vector": [0.7693, -3.92204, -0.16047]
						},
						"3.0": {
							"vector": [0.19, -0.98, -0.04]
						}
					}
				},
				"leftforeflipper": {
					"rotation": {
						"0.0": {
							"vector": [1.04916, -2.39056, 24.70089]
						},
						"0.5625": {
							"vector": [-2.58431, 1.96568, 13.64652]
						},
						"0.9375": {
							"vector": [-3.69169, 1.78967, -19.0283]
						},
						"1.3125": {
							"vector": [-9.8296, 7.33819, -7.28375]
						},
						"1.6875": {
							"vector": [-4.60659, 14.2906, 1.92221]
						},
						"2.4375": {
							"vector": [4.19664, 12.93777, 38.80354]
						},
						"3.0": {
							"vector": [1.04916, -2.39056, 24.70089]
						}
					},
					"position": {
						"0.0": {
							"vector": [-0.19, -0.98, -0.04]
						},
						"0.9375": {
							"vector": [0.66839, 4.02346, -1.8344]
						},